,followers
0,SCGWalker
1,DoXBookChat
2,azizdraim
3,electrictiles
4,sam13tv
5,Tommy_Newton
6,shamus_clancy
7,renfilip
8,jedimastersilva
9,RobberCar
10,tonyeatspuppies
11,2020_kurt
12,DumbFaggotry
13,BillyBear828
14,ComicsNMore
15,sinclairking
16,Saraokelokee
17,bmironer
18,profhammster
19,nxwgenesis
20,AdriftMedially
21,Primuscloud
22,MorrisonFanboy
23,liamwag
24,jhurjy
25,Bkibk3
26,GrislyLarder
27,davidrojas
28,TheTryzzKnits
29,leojay1523
30,mahoufruit
31,extinctioners
32,LukiiSahat
33,CraftingCalm
34,RKO2004
35,JBFraisseProf
36,TheresaSiryn
37,pastelprinceli1
38,austtrale
39,henriqueento
40,DancingFlowers3
41,genejmayer
42,JakobLucas
43,SkullK1d33
44,THE_saintart
45,filipesaraiva
46,RockyWalijon
47,JamieHenthorn
48,schwarm
49,ComixBill
50,Magoona3000
51,nobody_who_r_u
52,Julia_B2018
53,pumky1100
54,frankjreina
55,ValeriaPaladin
56,jadzia_is_bi
57,nicosborn
58,mightguy2421
59,lolousin
60,JosieKendamu
61,house_of_tomato
62,DannyYanny
63,MutantHiii
64,PjGarci87452535
65,Captain_Com1cs
66,malloryxfenty
67,TheodorePaz
68,CoriMarie21
69,xwhitephoenix
70,XComics4
71,AcademyLets
72,blakeevans5268
73,5_ace84
74,PengawasUjian
75,JArtzner
76,BlairKyle3
77,fiercetelepath
78,EmpressofKrakoa
79,MolarianIceMan
80,Raqueroci88
81,JohnnySexyTorch
82,jasonlarge
83,jschuler2
84,NEUR0M4NCER
85,seokmagnet
86,sometimessouls
87,Romir616
88,TuskenGyro
89,TheoHCH
90,marklb
91,RogerCr52891286
92,dalyhaspowers
93,kuntzite
94,chrispreed
95,Sandro19035741
96,ParallaxStudio
97,BedlamTalk
98,kgreger1
99,heroscott
100,Hulk0025
101,919_nerd
102,K0MANSHI
103,Deezus666
104,X_Litty_
105,nectarsis
106,XavierAlumnus
107,CWatchersShow
108,brandoncaudill
109,scarlethexed
110,LaceronaJustine
111,LatinXmen
112,j_flatts
113,616LEILING
114,fucking_cop
115,tktsphinx
116,RianRiot1980
117,Maanubessa
118,Sweatpants671
119,ALLC4PS
120,oligosaccharids
121,jayjoeAbstractd
122,Deadpool_Kills
123,subparcaviar
124,XaviersMistake
125,Robi2184
126,miamiverse93
127,AyokunnuOzilayo
128,ioetal
129,jblood4life
130,AnneComics
131,XisforPodcast
132,mmansfield1976
133,SparkyNinja38
134,rjg3vanyel
135,primeplace
136,yelen___
137,chandrewtweets
138,Jake33321187
139,mutantofx
140,GloomyGlus
141,Vincent97534832
142,jonpanic
143,bigdumbbigguy
144,glob_ebooks
145,NirlockM
146,TreasaDoorley
147,BouldenBrandon
148,Atom_Person
149,WiccanKarnak
150,gamonal_daniel
151,TheOneTrueKyle1
152,gxldenlicr
153,GlobePoppin
154,DElward26
155,1312Allenby
156,A_RandomIdiot
157,justintbombwood
158,Dawn_Of_X
159,lazybones2020
160,BoyMeetsHummus
161,AVArtist1
162,greenmonk
163,_concret
164,Clamantstone
165,uncannyxcerpts
166,mutantmessiah61
167,hearkittyhere
168,Maxxie_Maxx
169,robbykarol
170,quiksilver83
171,GreekSomebody
172,greyssummers
173,JungFrnkenstein
174,jumbowasright
175,AdamXNeramani
176,PeepsBi
177,ShawshankAmen
178,ravenswalow
179,ArturoMarcosVa1
180,Drouchebag
181,Greg81172764
182,hood_delight
183,Mainegingerbear
184,TwistedWell
185,X23__Wolverine
186,EmpathicCharm
187,renzopachecoj
188,MTStrong27
189,aina_earth616
190,hakaelDRC
191,mister_bookmark
192,Mr_MITCHELL_2_U
193,SuperQuinn19
194,Kyle_2
195,HowardtheDuck95
196,sensorboy
197,Darth_Curly
198,SharifYoussef
199,Ritchie018
200,PlasmaSpaz95
201,JT52422244
202,LR3my
203,Aanisio2
204,manmiles
205,BrineWineVN
206,kjandrews3
207,Natemccavish
208,philiasalghul
209,marksteffen
210,Chavo40k
211,4thwallimages
212,MarvelRevision
213,TimDraks
214,rwmylebeau
215,Thecafesinister
216,Immostlynick
217,Creepymcfeely
218,dlarkin76
219,ripley_parker
220,aspareseahorse
221,DG80P
222,Ian_R1878
223,TomChansky
224,70sComix
225,HowdyDuda
226,Vincent33300770
227,AcctTonys
228,DOTA2Chorizo
229,vanthefirst
230,RachelSummer11
231,aml_diogo
232,cmakin1
233,JimChenZhaTuo
234,belal_elayyan
235,BDavis1776
236,CallMiBHam
237,BenjiLikesMyths
238,owhmusicguy
239,Dylanp90x
240,ChronicBoye
241,StanleyHucci
242,AlphaFlight_net
243,ozyxmandias
244,ComicBeach__
245,spanishmagic11
246,100thmonkey
247,erickgondim
248,porkchopfox
249,DiegoAndreassa
250,dorkphoenixart
251,valletta_house
252,ask_reason
253,TheUncannyBurt
254,BettyBettyBooo
255,negativecopy
256,sfr_le
257,warbit23
258,madmojo
259,DeadpoolComrade
260,bigrednbarbacoa
261,cosmiyazono
262,justin_x25
263,json3000
264,carnes_the
265,Cy_clops
266,Vylian2
267,DalynViker
268,raidience
269,amstotz
270,joaomorais1989
271,knifesystem
272,hardupinnola
273,WilliamCaryHall
274,TheBatBen
275,Patricetienne1
276,RoninaMillion1
277,ComicBandwagon
278,Befilement
279,andre_peloquin
280,randomfreak1800
281,WlNDDANCER
282,Michaelrmedina
283,XMATTHORX
284,AnElasticProton
285,Flavalawnie
286,Wilhelm506
287,funinWI
288,Matt_Van_Zandt
289,blehwhatevah
290,IBmorgoone
291,theycallmetape
292,krakoa_
293,xo_kram
294,Blue_Crosley
295,Rallen2502
296,Nezhno2
297,LopesCa73885131
298,poetheir33
299,DanNilesWrestle
300,s4gypodcast
301,Duugy13
302,Campbells928
303,CharlotteFiere
304,comicsncats
305,DylanGeeeee
306,slay__z
307,HughTims
308,jazzooi21
309,BeautyPale
310,TitanFan_C_redo
311,dblmagus
312,_JonP
313,PooleNotStacy
314,zhenyuho
315,pedritomarques
316,ErraticBlur
317,jordanldr
318,lowglitch_
319,AfterDragons_
320,HaydnTheGeek77
321,Nocturnauta
322,EssRy57
323,bradleytadrick
324,DECinOH
325,Tacche_
326,Manuel__Mz
327,strikernoqueen
328,ziggypaz
329,knullcomeback
330,enriquedcf
331,islanderscaper
332,Commandr_C0dy
333,it_couch
334,keemarx
335,MarsMidniteRain
336,Ishornedserpent
337,silvr_surfr_
338,Duke39416278
339,lwkymarveladdct
340,Zombi3cornio
341,ntoncesNonsense
342,TheClarksmash
343,Matt_Sibley
344,brawl2099
345,elizabethcry
346,drizzledlegging
347,the_dolli_llama
348,Radders117
349,Actual_Context
350,chuvadele
351,LautaroVincon
352,RealSlimSummers
353,Woxher
354,ghastek
355,TheSoulU
356,hayklir96
357,jacknosredna29
358,pseudoluc
359,camponezzzzinha
360,Sapphire__Steel
361,tiernme
362,RyanMcN54578900
363,polradaemon
364,fredim_
365,noysh
366,theaidenjames
367,mrdavisballard
368,Bertsball
369,NotTheDeadGuy
370,henriqueuolque
371,1991Jagray
372,sugarfreebenb
373,tom35487517
374,ClubRomero
375,dnBert
376,VictorTorre26
377,FoxyJazzabelle
378,andrasteluna
379,JohnJakeJing
380,thechadmesser
381,AdamFalc
382,fortunatemutant
383,joelestes9
384,jakovo_m2
385,makowy_raj
386,matthewlittleha
387,Crookedtimber31
388,diAlmeidaMichel
389,XMenEvoShow
390,Tokimpah
391,KidDynamite892
392,MrRedwolf
393,Alegc92
394,Cable90
395,hippoprocksoul
396,jnjoiner
397,IsaiahQuinn7
398,RedKing36
399,hulkbeast90
400,ZloveforcomicZ
401,64BitKing
402,PapaRonCrispy
403,culagovski
404,niccimason
405,DangerWelcomes
406,csvaccaro
407,FoNKprimeomega
408,anserinegoose
409,MarvelKidAJ
410,derekpadilla
411,arturocurry_
412,Nickjallison
413,dg_gmz_mld
414,ShoandTwit
415,TheCarpetIsLava
416,At0micTRex
417,Kerolt
418,ednelium
419,marchofjames
420,xmen_bracket
421,n8bats
422,nickryan
423,Dr54168895
424,maunzter
425,dillllonm
426,shivarus_
427,Gabsu77
428,kidmaioutt
429,BurtonChavez1
430,hardcollection1
431,aaronOsalas32
432,GreyPrydeParade
433,rip_noob
434,CyclopsReal
435,blackquetzal
436,squintanilla85
437,LoganFlaming
438,mitchhimself
439,hichaelman
440,treyisnotdead
441,thepinupchemist
442,Harrison_CR
443,WinterSoldierA1
444,FlipsNDips
445,Abyssking48
446,eldritchlady
447,facuneiras
448,KrakoanMimosa
449,Lord_EbonWinter
450,paleteroboi
451,Thomas__Sawers
452,riot_nrrd
453,glennewman
454,umpreso
455,andrew_shaw23
456,ScottPRedmond
457,michael_kanarek
458,lilpoolish
459,The_Shruggers
460,nvsluc
461,MarkusAurelyusJ
462,HyborianHarry
463,denhamburger
464,eternalspiderx
465,aryastarkq
466,yetcharming
467,MarvelAtTyMa
468,KitsuneKrash
469,hokusblokus
470,ScottMedlock3
471,droidiggah
472,_Manda_L
473,Daniel200Joshua
474,calespk
475,TheMemphis21
476,rickycassvan
477,freddy_ellis
478,ene_shift
479,agkforce
480,Indeedily1
481,jonathan_eff
482,TheRealRadRobot
483,beefytongue
484,BeeeejEsq
485,AndyJokedAgain
486,tfzfilms
487,DesMacLeod
488,PiercedTheToast
489,shannsational
490,deejayeetee
491,shitmeru
492,trivialParadox
493,jrgolden42
494,ThiccBoiRights
495,StrauserWyatt
496,darkchylde96
497,Erinn_Conlon
498,mistertoybox
499,IngrahamMalcolm
500,NyXForce
501,MaxMayhem10
502,Eddy_Moon
503,ArthurPainter1
504,asupersonicman
505,chardbarnes
506,__15_king_15__
507,27629Kavon
508,RosenellieR
509,CommanderJib
510,lauraslesbian
511,kenshizen07
512,MrRossHolmes
513,croaksloudcloud
514,DandyInNoPlace
515,notpaulleahy
516,gwenstacyebooks
517,ScottSummers381
518,Futurologic0
519,Lucas_Escalada
520,josephjtucker
521,excelsior084
522,Lionel_Layton
523,lysyzmarvela
524,dxmivrge
525,MisterMRKing
526,thatnerdkris
527,ohmygil
528,CousinPooch_
529,jwcruick
530,FFred74
531,thepigpayback
532,gwenstacying
533,agentfitz777
534,sawfty_
535,formyselfscotty
536,zack_thatguy
537,luisgbx
538,Frostitute4ever
539,giogrosquinhas
540,chrisarrant
541,hussain_badil
542,andri_pz
543,Ivymoon93
544,pg_72
545,VonLogSays
546,JP1981IsAwesome
547,BjornWylde
548,reading_escape
549,TENeeley
550,shaitsan
551,v__der
552,tomshea
553,KassianoMiranda
554,ArtoNando
555,subarucito
556,lastweekscomics
557,ryanoc4u
558,BillySp34rs
559,esrapko
560,BaughSambaugh
561,MarvelfanNI
562,AlejandroEsqui
563,evanm284
564,TAKEEM83
565,jasonanovak
566,BuddyIsBestBoy
567,jeperna
568,mmfrst
569,BrendanMcGuirk
570,bibendum3000
571,TheWalkingGedd
572,chelseathenoble
573,s_multiple
574,TheComicJam
575,UncleNicNac
576,soupboy77
577,HeyTedMeow
578,TheNundy
579,tsuchigumo__
580,ChewbyX
581,karn_rao
582,BertKillian
583,jacob_pearce
584,mvalliant306
585,TelepathicTyler
586,Niall001
587,JoeWorpole
588,KeanaBanana98
589,hplovescats
590,SicariusTwo3
591,venomboi44
592,pquintanac
593,_bibeast
594,eastsidedads
595,blackdogramble
596,Kylea_R
597,SheForce
598,DetTadPalumbo
599,CapnScrambles
600,jackson9390
601,cassidy1222
602,taacmac14
603,Nick_Ardill
604,fuzzyeIf
605,SpiderWomnDaily
606,astronomisprime
607,gr1fter
608,RsSeamus
609,haugen
610,scienceninjaguy
611,PAPPADEMAS
612,Ethan1097
613,bookswpictures
614,downtoburn
615,kt_bowie
616,GanSpalding
617,MidnighterBae
618,kvnanthny
619,Myra_616
620,ladyfaceplant
621,EndlesDeviation
622,billisreading
623,S_islife
624,ObscureReferenc
625,_snikins_
626,LunalNewport
627,misskittyf
628,zishep
629,dcb42
630,Jandoor2015
631,SeanOfKelley
632,gwenpool_ebooks
633,Ca86899821Colin
634,GarlandJeffrey
635,hownowbrownmow
636,ANewAeon
637,CarlosCrusader
638,VVild_cherry
639,braddocklegacy
640,Jiraiyan
641,fuenteskod
642,animated_eyes
643,GarySkirka
644,fanylucy
645,gfc20
646,Krakoan4Life
647,SirehBah
648,GiocaMistero
649,MuciusS
650,amay206
651,aadii_earth616
652,AgentsOfPodcast
653,_kingleo0
654,CrimsonEsquire
655,OleaRodrigo
656,moonstaringly
657,Rambling_Moose
658,Shinismo
659,narutopelado
660,portermatthew
661,DannyOcchipinti
662,Sansom_94
663,CinemaSmorg
664,EmyliSuzanne
665,jafredrix
666,AngieMiller72
667,115Kroly
668,comic_erika
669,sapphicmagik
670,saahir24
671,rockthrowingman
672,weratemutants
673,SSminos
674,DavidBu97746249
675,bmmersummer
676,arnibionic
677,nmstateofmind
678,nnusbeitel
679,viktavius
680,Jessicandrya
681,arii_sunshiine
682,queenofmangoes
683,Pengabdi_Khonsu
684,spiderbalder
685,Migoholic
686,ZetaRayZac
687,noirnorthstar_
688,PRileyGillard
689,bradleynrusso
690,HoanFlameS_VN
691,derrickvann
692,AposenTironia
693,trivia_club
694,fernandomaciel_
695,Danny_Coradazzi
696,Sasopr
697,wkinchlea
698,andrewmkirk
699,sjw_LauraKinney
700,AngstyX
701,UncleShouty
702,LVega973
703,NerdyNeoPagan
704,num1xmn
705,121Geekawatts
706,J0RGESTRADA
707,jazzminx
708,AdwinCaban
709,technosteve
710,ShawnTapiru
711,uncannygay
712,JTWExodus77
713,PokeMasterHoe69
714,Dylan_Macri
715,TimDillon
716,CyclopsWasRigth
717,db_ad
718,zethrimon
719,chaosandcomics
720,Cypher_Ry
721,suraynod
722,TheZooByMyself
723,josecas_04
724,jono1077
725,Hellboy_eBooks
726,Jrholden02
727,wincyaquinoong
728,Jamfruns
729,KarimaShapandar
730,Labryssa
731,a_twibell
732,LewdBlackGeek
733,LusipherPE
734,FavoritesMarvel
735,candyscribble
736,SirGeebz
737,BradSweet31
738,nickferatu
739,thomwrites
740,MattiaArmando
741,Pearce_II
742,TheGogster
743,EmperorIceman
744,SouljaSphinx
745,PintoNine
746,MarceloBot
747,TylerHammelVA
748,Saint_Rufio
749,reed_rothchild
750,sir_thiccness
751,_JoshLopez
752,itsjustjay11
753,SortaNewDru
754,goedward21
755,Sabertooth0023
756,jalal_moeen
757,Lilofirst
758,borsa_rini
759,BenjaminBroda
760,MichaelJFuxx
761,ChaseTheVision9
762,rechiando
763,AndyBrohol
764,DislikePlatform
765,anjugrao
766,TomABacon
767,saadishappy
768,rodrigoshimoda
769,James_Dow1ing
770,brickfkmaster
771,HomoSuperiorX
772,newman_1999
773,antfamz
774,giggomachine
775,redandblacktac
776,scottnichols
777,LeonACaseyJr1
778,sirMattCarter1
779,TheEvilNerf
780,HakTheBear
781,DoomerSkelly13
782,Luca78515122
783,camdoescomics
784,Davidsanchezjar
785,ginoJD01
786,paolo_jpmv
787,TwittComicsFr
788,DonnyDionysus
789,DarkFuryMN
790,DackeStaffan
791,RGagnor
792,sanfierrorocher
793,soulswxrd
794,raulm89
795,humberman82
796,Doni_Verse
797,apathydud
798,KeuchelDBeard
799,Transdonnatroy
800,XMen90sCovers
801,JoeDWright001
802,Gromalski
803,BranShanks
804,IsraelHurtado25
805,cyguy19
806,Marheydotcom
807,moxie329
808,WolfbaneAmongUs
809,aaron94143260
810,soupticblast
811,victorcylow
812,TheTacoXplosion
813,_maxbc
814,JustenHunter
815,chenarbel
816,elliotcomicart
817,accounthaver
818,Dalek_Dave
819,RSathiamorthy
820,timothystokcr
821,Narrator86
822,cant_relate__
823,levilovin89
824,Amir6064
825,Nickishardy
826,KyleBarrech
827,allanpaioli
828,judah_noah
829,MTStewart4
830,rodbunnyslay
831,SoBen_
832,confoundedcook
833,Ricardo_Cunha42
834,ChangoATX
835,8eraj
836,BBisDynamite
837,Wolfy_WolFang
838,RobHetzler
839,JeffIsInTexas
840,MaitreKitsune
841,120inna55
842,Winding_Way
843,delilahpop77
844,RPHutch1975
845,NYCANGEL6972
846,rxbumalal
847,half_panda22
848,SOCthoughts
849,SunmersScott
850,czarcub
851,Piece_of_Ajit
852,TywinResists
853,NerdyDownright
854,DuwayneMurrell
855,AtotheTtotheM98
856,jinkies00
857,KillYoSelfHard
858,EdwardT_Wiggins
859,Eggiejr
860,chicoskid
861,Agrorelax1
862,LozCook
863,Tyrannoflores
864,arbitrarygenius
865,brentcorey
866,ChadBeyers
867,DancinWitDub
868,THIScepoin
869,battou
870,Heartless5713
871,liuk_tweets
872,tonsofjpuns
873,BLACKCANARYFAN
874,downbeatbear
875,dayo106
876,InstaTrent
877,danthemcmahon
878,100INARI
879,AxelsonMitchell
880,LTEnchantress
881,CalculatedH
882,ffellow7
883,DZawisza
884,JoshTheLink
885,langstromguerra
886,jackedson52
887,dareswitch
888,Mr_Boxface
889,JacquesHammer_
890,YorchVM7
891,IfSheBeWorthy
892,Ohheykenny
893,noah_satern
894,Bidge3
895,DecodnLyfe
896,theneckbeardnet
897,bastique
898,ohchadwick
899,AbnettMark
900,mutantmanchild
901,alvoerrado
902,ThePeej3RD
903,Keef20191
904,hundbot
905,mvcstan
906,GLu_music
907,LetRogue
908,FelisTiresias
909,sdlaugh
910,Antx
911,alextucker264
912,aDrunkenManatee
913,rshuffandstuff
914,AgeOfPolaris
915,discordofmelkor
916,Hephaestion_X
917,Ourique15
918,JediOfGotham_
919,Paks97274049
920,HelmyGerardo
921,ComicalThots
922,ceoofbigtitty
923,berry198
924,StanleeKoda
925,LetBatman
926,ericXmagnus
927,OrsolyaKis
928,brencomium
929,Marvelous_Mal
930,QuiteJeff
931,MichaelxHollis
932,ElDrRocha
933,RoboT_RampagE
934,GodspeedGarden
935,FlclRamon
936,Heeljdot31
937,emperorpuprtine
938,JustNealon
939,ComicBookHerald
940,CursedL_
941,Scopher_
942,RussellSleeps
943,ZCDB39
944,agarciag81
945,enkidu97
946,lightstyIs
947,wl4gner
948,ElMexicandy
949,NoWordCount
950,WackoWizard5
951,Robotpanda5000
952,Umbra0118
953,shrinkingbells
954,JoshGarnett12
955,Lucario2405
956,PeteColors
957,TachyonTransmi2
958,PrincessOtC
959,NoaWritePlay
960,favsxmen
961,fgaia05
962,NickJared
963,bys0ul
964,PrimerJoJoJorge
965,charcboii
966,Great_McKay
967,playcomicscast
968,616Engineer
969,campfirewood
970,Gerardo98354403
971,heckorhighwater
972,DJTonySnark
973,ericspeaksout
974,PieterMDerdeyn
975,Capmnobody
976,mrsameliamartin
977,ZacBeThompson
978,The_Beermonger
979,MartinezRios
980,ASmith_Petersen
981,JeffHarris7
982,soheidre_
983,Joel_the_Geek
984,Kaiterra_
985,mandarine_one
986,CallMeRuan
987,jjmccorvey
988,purblebirb
989,dabbakovner
990,isl3y
991,MutantMusings
992,nathanielheath3
993,ClassicXbooks
994,Boycus730
995,NVmeCV
996,bhsmith50
997,willperkel
998,igotbeans
999,SAASTheSecond
1000,OMLogan_ebooks
1001,ToeKneeBeans
1002,Alexand79445885
1003,ohwowyikes
1004,vimsy70
1005,FckerMinded
1006,Isaelaparecido2
1007,901sandman
1008,cookiescomics
1009,Josiamatic
1010,ChrisThomasFC
1011,TylerCa06708754
1012,AbyssalOdin
1013,voidsatanic
1014,mutantrevoltz
1015,ocesgon
1016,GlareShowstoppe
1017,paddy_davidson
1018,LvdFrost
1019,reallybignerd
1020,UncannyEric
1021,Leo989
1022,phoenix_force1
1023,EgyabonElpis
1024,disasterlaster
1025,davpowart
1026,franciscogil_18
1027,DoctorLightz
1028,DylanjBurnett
1029,vas_y_vienes
1030,buyhyobook
1031,Superboyebooks
1032,lunarbicycle
1033,VADM20
1034,BoBRoSSCoTa
1035,PopsAmerican
1036,jimmyhudsontalk
1037,DanElliott1976
1038,rexmore
1039,billyzaplan
1040,KaizerUrashima
1041,MidnightIce23
1042,MatterIDoNot
1043,ZyonBaxter
1044,armstrongSD1970
1045,TitanFanC
1046,danieltracy130
1047,JeffRickPresent
1048,KingJoey
1049,uo2814
1050,nathanbredeman
1051,TyTheRobot
1052,RedSunKnight
1053,StevenAttewell
1054,Heerala53549259
1055,3rdSummersBro
1056,tallcomicman
1057,corybthosaurus
1058,Elio_Fox
1059,Wilfredojfig
1060,AndrewHizer
1061,MartinRalya
1062,RealUsername_57
1063,BartVanGoor
1064,rio_metcalf
1065,SerFoxtrot
1066,PCelentino
1067,cbschmoney
1068,PWylie
1069,gambitmsp
1070,AlexSleepless
1071,AcerbicWits
1072,Dantes_Infernoo
1073,Tokebeast
1074,WookieeChuckles
1075,manuel86
1076,mcballinger4
1077,Ramboaxman
1078,TheMightyDRisha
1079,gregorygoode
1080,HomoNovissima
1081,sambellsoup
1082,cheat_c0des
1083,burato421
1084,TKMThreeli
1085,arch_carrier
1086,Pichegneto
1087,mattjontiveros
1088,ReginaldWoodso4
1089,c0nart1st
1090,Bfrums
1091,RayoInTheBottle
1092,Gibson20438815
1093,hexkxtor
1094,Ralle2050
1095,IonicBlather
1096,comicclippings
1097,PipsyNoble
1098,NickDeVito14
1099,HLibline
1100,BrandonStal
1101,Simpsonsref
1102,dusclopsrocks
1103,gardnerdh
1104,sj_martin
1105,waterlilyview
1106,h1r0yuk169
1107,alfonsoarcbalma
1108,J_Bologna
1109,Krakoan_Lorax
1110,vicedriven
1111,LarryBi55928721
1112,JorgeZCruZz
1113,EiliteMorales
1114,Dy_McKeon
1115,Clowncarcrash
1116,DrDrew93690289
1117,ben_guzman6
1118,Carlos_Duke
1119,OnikasTeet
1120,RODGERS97775871
1121,ratchetkick
1122,marzzg
1123,JrodSimpkin
1124,JonnyleeSF
1125,Smoke2196
1126,AlchemicalMarx
1127,VulcanRox
1128,richardbenton83
1129,dearyfighter
1130,MarioOchoaF
1131,LegendSchaffer5
1132,wonkuoyeromeht
1133,_jubilee84_
1134,JacobCamp13
1135,ericopolis
1136,scarifts
1137,SCuckoos
1138,insultbaby
1139,GaryJaffe
1140,_OpticSummers
1141,GraPar
1142,SeraphimRosen
1143,Phoenvix
1144,redgears
1145,robyn_belt
1146,fissionmale
1147,Marcel_Swaren
1148,TheAugust_Music
1149,maddeningstars
1150,rosiegracen
1151,ScottWGregson
1152,RudelyPoetic
1153,Larkinz
1154,misslov38726957
1155,meneer_ton
1156,Rakurai777
1157,lesbianriot
1158,los80_2000
1159,0096TN
1160,geekwithoutchic
1161,pmbeekmantx
1162,ZeNooch
1163,ANeonGreenCity
1164,majingojira1
1165,Bert_666
1166,MarcoLivelliDav
1167,de_brownpantha
1168,6481nacho
1169,leandrogalli
1170,DaveAtKrakoa
1171,ChecKtheCircuiT
1172,bludshot619
1173,suspiciouscffee
1174,MyNewlin
1175,russellridges
1176,Chillmongxr
1177,CalebCardenas7
1178,isitanxman
1179,20_mmitchell
1180,wickedsteel
1181,plees13
1182,ichbinheidi
1183,aliastager
1184,BurningUtopia57
1185,MdrnDayMercutio
1186,KladeteLad
1187,modifiedblind
1188,Pandaparts
1189,mundodelulo
1190,migapraque
1191,RavioliDiManzo
1192,SinCityLaw
1193,acnbat
1194,ZephyrRiverSun
1195,OmegaQuire
1196,firrestar
1197,ricardoric_03
1198,HughMMcGowan
1199,kennedy_dontae
1200,nobigshows
1201,allanml
1202,wdgillson
1203,ThisDumbRumpus
1204,Fieldxey
1205,Dizni_Dan
1206,JamesGarFig
1207,THORQUlLL
1208,KmfDQBBqI9B1KNA
1209,156Thugatita
1210,withaloudnoise
1211,MastersThePen
1212,BJGNSpicoli
1213,EwanVel_Art
1214,TimoteoCarri
1215,fuckmattdamon
1216,ScandalousSam2
1217,TonyBWood
1218,Auxiliary_Bill
1219,EnsomoMichael
1220,evanmccarthy
1221,UncannyMind
1222,AmadeusMiles
1223,MCTinez817
1224,OddINSalinAs
1225,focsieme
1226,GeneQueer
1227,Bryceman73
1228,MarvelADayProj
1229,AleDosReris
1230,soup19
1231,Sean_Michael_Mo
1232,LoganDevlin6
1233,EybarLugo
1234,MuppetBeanPods
1235,ohbalto
1236,dvervaecke616
1237,RightGuard65
1238,29Jago
1239,Comics_Finance
1240,BubuBORG
1241,CoryANoe
1242,bii
1243,kagredon
1244,RespectedGen1us
1245,echomaharot
1246,DKid077
1247,whiteyoda
1248,DogeTheTruth
1249,changuerotic
1250,buffstyle
1251,newmutxnts
1252,omega_level_
1253,EduardoLaraGme1
1254,ThidaVick
1255,NissNaur
1256,bestInSh0w
1257,Davyrobin44
1258,Marcopolo177
1259,GavHigginbotham
1260,CDEComics
1261,Colin_Bites
1262,powersofparsons
1263,_Ruben03
1264,Madvill4in_
1265,Magnetoheroi
1266,xprojectrpg
1267,escaraph
1268,EbooksJubilee
1269,neufonewhodis
1270,Haberdasher9k
1271,STEVENGERdts
1272,josh_thom_
1273,KallarkBrashear
1274,EvinMcQuistion
1275,UncannyHammy
1276,JoelBaumgart
1277,castle_oz
1278,sergetowers
1279,JRodSTL
1280,DrakeSobania
1281,ChZuckBean
1282,weaponxtra
1283,AustinGorton
1284,Dread_Chamber
1285,Deemdim
1286,el_frijoles
1287,APJacksonic
1288,Thundermumps
1289,GLucasCrane
1290,Organism46_B
1291,ConorShanahan
1292,Migue_Morel
1293,MajorCvikljee
1294,murphhh_murphy
1295,PatCarrington
1296,OOH_JIM
1297,jeansinclairBR
1298,toonist
1299,Curly_Castro
1300,IsNotMyFavorite
1301,Alvie77
1302,ad_gudupop
1303,Zkibbz
1304,dagh1102
1305,andrewdrilon
1306,sid_bos
1307,thekylestkyle
1308,MadClops
1309,dthirds
1310,houseofsecrets
1311,hughtweet
1312,ReadYouForFree
1313,tweetfrommaseat
1314,ryankrull
1315,gayest_xman
1316,Jurassic_Otto
1317,DuncanEratt
1318,caasichak_
1319,_murphyleigh
1320,charlie_en
1321,j_partridgeIII
1322,jericoezekiel
1323,TheGayChingy
1324,cobakaupikirkan
1325,SK_DoombeaR
1326,fangirlsmash
1327,BrewskiTheKing3
1328,brendanooooo
1329,dj_jazzy_j1
1330,Milort_
1331,Frito_KAL
1332,JJS1602
1333,Darystal099
1334,agnikaiis
1335,FlippedCassette
1336,purplechrain
1337,JetKeady
1338,NobodyBySylvia
1339,kidzero1975
1340,sasha_fletcher
1341,colbad2
1342,sxgarbcby
1343,The_Griff_Yo
1344,KhalilGoodman
1345,RemyLeBeau
1346,stermer
1347,crisp_pratt
1348,chipiii
1349,Flanageddon
1350,StarroConqueror
1351,Vegalawless1226
1352,comixguy78
1353,Maukingbird
1354,Samurai_Jeff
1355,taylor_vessel
1356,TelepathicDrama
1357,KeirIsntHere
1358,GuiltFueledJew
1359,babsxreader
1360,enbychicken
1361,erich_owens
1362,RatherBeAtBeach
1363,RhysIndigo
1364,SamB24
1365,MormonGekko
1366,GayScottSummers
1367,CelestialMadon1
1368,Ludor002
1369,hrrltwnsnd
1370,ConglomeNERD
1371,ptenney2
1372,WhoisJohnT
1373,huntleydoherty
1374,IcemanFan727
1375,RedDovee
1376,DrJEMcK
1377,iamronjosef
1378,CultOfVenom
1379,nathanieljamesx
1380,NationKrakoa
1381,Jojjo_InSpace
1382,eltwitilustrado
1383,jofferino
1384,jeff_klingman
1385,mizzhays
1386,SpikerIsAwesome
1387,UncannyXMaam
1388,artincircles
1389,DailyXMenFacts
1390,NicoliRaymond
1391,watasiwaoz
1392,Kofi_Smiles
1393,thephoenix5son
1394,HazaelArmando
1395,ThomasRoebuck
1396,the_question101
1397,havok_core
1398,FlorezMarcello
1399,world_fraction
1400,LeonBaillargeon
1401,UhThisIsPatrick
1402,NoahJDunbar
1403,invisiblelad007
1404,michaeldambold
1405,kweazy123
1406,fredfrazier
1407,elboneman
1408,kolbies
1409,StephenNYMonsr
1410,Damonthefox
1411,ConorMinerva
1412,YusufTunaKoc
1413,alfjluz
1414,stormbrasil1
1415,LordInfernalis
1416,planetofdeer
1417,JoelProsser
1418,AnomaRhy
1419,OutroNerd
1420,badwolf31_
1421,trotmanjoao
1422,wsbeaty
1423,gevans4579
1424,MarikaJoyce
1425,Books_Avengers
1426,holodaks
1427,doubtlesswave
1428,janoas
1429,cracksh0t
1430,OurPaintstime
1431,alburquenniense
1432,Thud_Ms
1433,imperfectus_rex
1434,MattyStrom
1435,Ali_Galactic
1436,uncannypeter
1437,timkaru
1438,LtNightcrawler
1439,theAntiBinge
1440,Jovencub
1441,Ajsandland
1442,fullofhalfempty
1443,aperiplatypus
1444,CobraTucker
1445,WhaleSnow_
1446,MagnetoRocks
1447,AjBryning
1448,Alannister27
1449,Lehue_Arnaud
1450,WinterreptileIn
1451,esmeshadowmagik
1452,BiokineticGold
1453,Patrick87894615
1454,TheRealAMcB
1455,artique1995
1456,Jeibi_not_Jb
1457,NicksComics
1458,DerekHeartsBFLO
1459,OmegaLevelTalk
1460,routeriver
1461,crawdadMcCray
1462,tekfunkdub
1463,krakoattilan
1464,sisterTuliz
1465,charlieblue922
1466,DreamWeaverIs07
1467,Cyke68
1468,multipleiru
1469,JackTC88
1470,s_martone
1471,Peldari
1472,H_Claw
1473,Sunspxtb
1474,JuambaJimenez
1475,Matthew92M
1476,wolvsterx
1477,Karmadef85
1478,Blockoftext
1479,alysonmcmanus
1480,heybobbyk
1481,TrevorBieker
1482,PedroWesterman
1483,misterpatches
1484,trevorgardemal
1485,JonahRhys
1486,alsoMike
1487,AstonishingTizz
1488,Haven717
1489,CandyAppleAlly
1490,eddiegodden
1491,ohyeahcommonsi
1492,Gypsy_Rodriguez
1493,LukaNieto
1494,notsoBigAl__
1495,Ajiman1
1496,nowithinkican
1497,CapWasRight
1498,llamalawyer18
1499,joe_sjackson
1500,trivia_lad
1501,TravisColenutt
1502,DrMaoTandoo
1503,mikeybrowntatto
1504,jeliotmason
1505,theCorodon
1506,BarelyHoe
1507,the_hobbezilla
1508,oscarcontrarius
1509,Brain_Biard
1510,ThomBoleyn
1511,last_arcana
1512,TheArchangelSD
1513,dano_cosmic
1514,jonathanelliott
1515,GEschwartz
1516,RoyalBluePhoto
1517,KCBoyle3
1518,williamcowley
1519,ArtistcalledPit
1520,AliRoss90
1521,claymus
1522,Hateball
1523,hectormrb
1524,jeffrey0924
1525,childhoodgames
1526,CrushingComics
1527,comicbookqueers
1528,fantastic_talk
1529,gamer_chic434
1530,HereBeginneth
1531,vkewlguy
1532,danielpgrote
1533,theDOOMCZAR
1534,KalOsterman
1535,StormFan27
1536,isuggestweriot
1537,HonoraryXman
1538,Catligula
1539,DazzlerAOA
1540,JumboCarnation
1541,letstalkpyro
1542,arthurstacy
1543,tracesthings
1544,theReheil_Deal
1545,strictlyworse
1546,seekingdyst0pia
1547,RobertSecundus
1548,Laughingscream1
1549,GentCarl
1550,MJasLee
1551,elispieg
1552,theandrewcherry
1553,daramcw
1554,TVsKevinLanigan
1555,TheBlaquesmith
1556,hypercortisone
1557,witchking08
1558,bergeronorama
1559,nerdypopguy
1560,JohnDelfino
1561,Domixt
1562,sirbriang2
1563,tavotoya
1564,LearmonthS
1565,Flashfreeze451
1566,ReezyDeezy
1567,MrJoshua1981
1568,ShoelessMonkey
1569,IncelApocalypse
1570,RyanCannot
1571,hm77367_ht
1572,blprnt
1573,marchaesai
1574,BennyWert
1575,spandexcomic
1576,meanenglishman
1577,miklausroyale
1578,MauGarciaBlatz
1579,cloudy_suit
1580,mike_de_j
1581,BrianJCFleet
1582,dharden
1583,accommodatingly
1584,EyeBoyBestBoy
1585,alexstellings
1586,Dryshod
1587,BrickheadzX
1588,MarvelMan616
1589,AlielynR
1590,TyMatrynafindit
1591,DarkModeDaddy
1592,LetsAcademyX
1593,JKMD
1594,ExilinStill
1595,jacafoods
1596,ChuckMadrox
1597,manux23c
1598,AsleepAtTheWeil
1599,127thlegion
1600,AdamTheAlien
1601,RidingDown
1602,Ryan46970796
1603,TomHanks_in_Big
1604,mrerskeltal
1605,SylusLeonars
1606,danafour
1607,iankeiththomas
1608,ComicsSteve
1609,benmventura
1610,coryriddle
1611,mturetsky
1612,maximumjpool
1613,NirevelOpinions
1614,balm_george
1615,StyXcalibur
1616,Palmerllamarama
1617,ZAKattack78
1618,JayWagner616
1619,xmenbutgay
1620,ScruffyMooseMan
1621,Theactualbarry
1622,LusiphurMalache
1623,TheHeyNelson
1624,LoganBusbee
1625,CPPONTIUS
1626,krakoangab
1627,TarnishedCharm
1628,cactusboyband
1629,CosmosRebellion
1630,sadelynepryor
1631,ajejelicano
1632,Gitdown
1633,XavierFiles
1634,JD_ComicNerd89
